Name,Gene(s),Protein change,Condition(s),Accession,GRCh37Chromosome,GRCh37Location,GRCh38Chromosome,GRCh38Location,VariationID,AlleleID(s),dbSNP ID,Canonical SPDI,Variant type,Molecular consequence,Germline classification,Germline date last evaluated,Germline review status,Somatic clinical impact,Somatic clinical impact date last evaluated,Somatic clinical impact review status,Oncogenicity classification,Oncogenicity date last evaluated,Oncogenicity review status,Unnamed: 24
NM_000546.6(TP53):c.304del (p.Thr102fs),TP53,"T63fs, T102fs",Hereditary cancer-predisposing syndrome|Neoplasm,VCV001799246,17,7579383,17,7676065,1799246,1854855,,NC_000017.11:7676064:TTTT:TTT,Deletion,frameshift variant,Pathogenic,"Aug 17, 2022","criteria provided, single submitter",,,,Oncogenic,"Jul 31, 2024","criteria provided, single submitter",
NM_000546.6(TP53):c.788del (p.Asn263fs),TP53,"N104fs, N224fs, N131fs, N263fs","Li-Fraumeni syndrome|Chronic myelogenous leukemia, BCR-ABL1 positive",VCV000643332,17,7577150,17,7673832,643332,646745,rs1597362423,NC_000017.11:7673831:TT:T,Deletion,frameshift variant,Pathogenic,"Jan 25, 2019","criteria provided, single submitter",Tier IV - Benign/Likely benign,,no assertion criteria provided,,,,
NM_000546.6(TP53):c.980_981del (p.Tyr327fs),TP53,"Y168fs, Y195fs, Y327fs, Y288fs",Ovarian neoplasm|Neoplasm,VCV000634783,17,7576865 - 7576866,17,7673547 - 7673548,634783,622578,rs1597359215,NC_000017.11:7673546:ATAT:AT,Microsatellite,frameshift variant,Pathogenic,"Dec 1, 2018",no assertion criteria provided,,,,Likely oncogenic,"Jul 31, 2024","criteria provided, single submitter",
NM_000546.6(TP53):c.277del (p.Leu93fs),TP53,"L54fs, L93fs",Ovarian neoplasm|Neoplasm,VCV000634692,17,7579410,17,7676092,634692,622645,rs1567556123,NC_000017.11:7676091:GGGG:GGG,Deletion,frameshift variant,Pathogenic,"Dec 1, 2018",no assertion criteria provided,,,,Likely oncogenic,"Jul 31, 2024","criteria provided, single submitter",
NM_000546.6(TP53):c.398T>A (p.Met133Lys),TP53,"M133K, M1K, M94K",Breast carcinoma|Neoplasm,VCV002430159,17,7578532,17,7675214,2430159,2403662,,NC_000017.11:7675213:A:T,single nucleotide variant,missense variant|initiator_codon_variant|5 prime UTR variant,Likely pathogenic,,no assertion criteria provided,,,,Likely oncogenic,"Jul 31, 2024","criteria provided, single submitter",
NM_000546.6(TP53):c.801dup (p.Asn268fs),TP53,"N268fs, N229fs, N136fs, N109fs","Li-Fraumeni syndrome|Hereditary cancer-predisposing syndrome|Li-Fraumeni syndrome 1|Chronic myelogenous leukemia, BCR-ABL1 positive",VCV000640648,17,7577136 - 7577137,17,7673818 - 7673819,640648,646743,rs1597362206,NC_000017.11:7673818:CC:CCC,Duplication,frameshift variant,Pathogenic,"Jun 18, 2022","criteria provided, multiple submitters, no conflicts",Tier IV - Benign/Likely benign,,no assertion criteria provided,,,,
NM_000546.6(TP53):c.841G>T (p.Asp281Tyr),TP53,"D149Y, D242Y, D281Y, D122Y",Li-Fraumeni syndrome 1|Li-Fraumeni syndrome|Neoplasm,VCV000376585,17,7577097,17,7673779,376585,363464,rs764146326,NC_000017.11:7673778:C:A,single nucleotide variant,missense variant,Pathogenic/Likely pathogenic,"Feb 20, 2024","criteria provided, multiple submitters, no conflicts",,,,Likely oncogenic,"Jul 31, 2024","criteria provided, single submitter",
NM_000546.6(TP53):c.455dup (p.Pro153fs),TP53,"P114fs, P153fs, P21fs",Li-Fraumeni syndrome|Hereditary cancer-predisposing syndrome|not provided|Li-Fraumeni syndrome 1|Neoplasm,VCV000182958,17,7578474 - 7578475,17,7675156 - 7675157,182958,181014,rs730882019,NC_000017.11:7675156:GGGGG:GGGGGG,Duplication,frameshift variant|5 prime UTR variant,Pathogenic,"Jul 29, 2024","criteria provided, multiple submitters, no conflicts",,,,Oncogenic,"Jul 31, 2024","criteria provided, single submitter",
NM_000546.6(TP53):c.379T>C (p.Ser127Pro),TP53,"S127P, S88P",Hereditary cancer-predisposing syndrome|Li-Fraumeni syndrome|Li-Fraumeni syndrome 1|Neoplasm,VCV000934410,17,7578551,17,7675233,934410,938240,rs1597371694,NC_000017.11:7675232:A:G,single nucleotide variant,missense variant|5 prime UTR variant,Pathogenic/Likely pathogenic,"Feb 13, 2024","criteria provided, multiple submitters, no conflicts",,,,Oncogenic,"Jul 31, 2024","criteria provided, single submitter",
NM_000546.6(TP53):c.476C>T (p.Ala159Val),TP53,"A120V, A159V, A27V","not provided|Adrenocortical carcinoma, hereditary|Li-Fraumeni syndrome|Hereditary cancer-predisposing syndrome|Li-Fraumeni syndrome 1|Neoplasm",VCV000458545,17,7578454,17,7675136,458545,467544,rs1555526131,NC_000017.11:7675135:G:A,single nucleotide variant,missense variant|5 prime UTR variant|non-coding transcript variant,Pathogenic/Likely pathogenic,"Feb 14, 2024","criteria provided, multiple submitters, no conflicts",,,,Oncogenic,"Jul 31, 2024","criteria provided, single submitter",
NM_000546.6(TP53):c.626_627del (p.Arg209fs),TP53,"R170fs, R50fs, R77fs, R209fs",Li-Fraumeni syndrome|TP53-related disorder|not provided|Li-Fraumeni syndrome 1|Hereditary cancer-predisposing syndrome|Neoplasm,VCV000372539,17,7578222 - 7578223,17,7674904 - 7674905,372539,360472,rs1057517840,NC_000017.11:7674903:TCT:T,Deletion,frameshift variant,Pathogenic,"May 24, 2024","criteria provided, multiple submitters, no conflicts",,,,Oncogenic,"Jul 31, 2024","criteria provided, single submitter",
NM_000546.6(TP53):c.749C>T (p.Pro250Leu),TP53,"P118L, P211L, P250L, P91L",not provided|Hereditary cancer-predisposing syndrome|Li-Fraumeni syndrome|Neoplasm,VCV000420136,17,7577532,17,7674214,420136,410263,rs1064794311,NC_000017.11:7674213:G:A,single nucleotide variant,missense variant,Pathogenic/Likely pathogenic,"Oct 17, 2023","criteria provided, multiple submitters, no conflicts",,,,Likely oncogenic,"Jul 31, 2024","criteria provided, single submitter",
NM_000546.6(TP53):c.638G>C (p.Arg213Pro),TP53,"R174P, R213P, R81P, R54P",Li-Fraumeni syndrome 1|Hereditary cancer-predisposing syndrome|Li-Fraumeni syndrome|not specified|Neoplasm,VCV000231214,17,7578211,17,7674893,231214,236477,rs587778720,NC_000017.11:7674892:C:G,single nucleotide variant,missense variant,Pathogenic/Likely pathogenic,"Jan 12, 2024","criteria provided, multiple submitters, no conflicts",,,,Oncogenic,"Jul 31, 2024","criteria provided, single submitter",
NM_000546.6(TP53):c.853G>A (p.Glu285Lys),TP53,"E153K, E246K, E285K, E126K",Hereditary cancer-predisposing syndrome|Li-Fraumeni syndrome|not provided|Li-Fraumeni syndrome 1|Neoplasm,VCV000420133,17,7577085,17,7673767,420133,410258,rs112431538,NC_000017.11:7673766:C:T,single nucleotide variant,missense variant,Pathogenic/Likely pathogenic,"Oct 13, 2022","criteria provided, multiple submitters, no conflicts",,,,Oncogenic,"Jul 31, 2024","criteria provided, single submitter",
NM_000546.6(TP53):c.796G>A (p.Gly266Arg),TP53,"G134R, G266R, G227R, G107R","Hereditary cancer-predisposing syndrome|Adrenocortical carcinoma, hereditary|not provided|Li-Fraumeni syndrome 1|Li-Fraumeni syndrome|Neoplasm",VCV000458566,17,7577142,17,7673824,458566,469137,rs1057519990,NC_000017.11:7673823:C:T,single nucleotide variant,missense variant,Pathogenic,"Apr 25, 2024","criteria provided, multiple submitters, no conflicts",,,,Oncogenic,"Jul 31, 2024","criteria provided, single submitter",
NM_000546.6(TP53):c.734G>T (p.Gly245Val),TP53,"G113V, G206V, G245V, G86V","Hereditary cancer-predisposing syndrome|not provided|Li-Fraumeni syndrome|Li-Fraumeni syndrome 1|Adrenocortical carcinoma, hereditary|Neoplasm",VCV000376603,17,7577547,17,7674229,376603,363482,rs121912656,NC_000017.11:7674228:C:A,single nucleotide variant,missense variant,Pathogenic,"Mar 7, 2024","criteria provided, multiple submitters, no conflicts",,,,Oncogenic,"Jul 31, 2024","criteria provided, single submitter",
NM_000546.6(TP53):c.856G>A (p.Glu286Lys),TP53,"E154K, E247K, E286K, E127K",not provided|Hereditary cancer-predisposing syndrome|Li-Fraumeni syndrome 1|Li-Fraumeni syndrome|Neoplasm,VCV000183752,17,7577082,17,7673764,183752,185345,rs786201059,NC_000017.11:7673763:C:T,single nucleotide variant,missense variant,Pathogenic/Likely pathogenic,"Feb 21, 2024","criteria provided, multiple submitters, no conflicts",,,,Oncogenic,"Jul 31, 2024","criteria provided, single submitter",
NM_000546.6(TP53):c.711G>A (p.Met237Ile),TP53,"M105I, M198I, M237I, M78I",Li-Fraumeni syndrome 1|Neoplasm,VCV000142714,17,7577570,17,7674252,142714,152428,rs587782664,NC_000017.11:7674251:C:T,single nucleotide variant,missense variant,Pathogenic,"Apr 20, 2021",reviewed by expert panel,,,,Oncogenic,"Jul 31, 2024","criteria provided, single submitter",
NM_000546.6(TP53):c.517G>T (p.Val173Leu),TP53,"V134L, V173L, V41L, V14L",Hereditary cancer-predisposing syndrome|Li-Fraumeni syndrome|Li-Fraumeni syndrome 1|not provided|Neoplasm,VCV000376668,17,7578413,17,7675095,376668,363547,rs876660754,NC_000017.11:7675094:C:A,single nucleotide variant,missense variant,Pathogenic/Likely pathogenic,"Mar 25, 2024","criteria provided, multiple submitters, no conflicts",,,,Oncogenic,"Jul 31, 2024","criteria provided, single submitter",
NM_000546.6(TP53):c.722C>A (p.Ser241Tyr),TP53,"S109Y, S202Y, S241Y, S82Y",Hereditary cancer-predisposing syndrome|not provided|Li-Fraumeni syndrome|Li-Fraumeni syndrome 1|Neoplasm,VCV000376663,17,7577559,17,7674241,376663,363542,rs28934573,NC_000017.11:7674240:G:T,single nucleotide variant,missense variant,Pathogenic/Likely pathogenic,"Feb 16, 2024","criteria provided, multiple submitters, no conflicts",,,,Oncogenic,"Jul 31, 2024","criteria provided, single submitter",
NM_000546.6(TP53):c.374C>G (p.Thr125Arg),TP53,"T125R, T86R",Hereditary cancer-predisposing syndrome|not provided|Li-Fraumeni syndrome 1|Li-Fraumeni syndrome|Neoplasm,VCV000376667,17,7579313,17,7675995,376667,363546,rs786201057,NC_000017.11:7675994:G:C,single nucleotide variant,missense variant,Pathogenic/Likely pathogenic,"Feb 13, 2024","criteria provided, multiple submitters, no conflicts",,,,Likely oncogenic,"Jul 31, 2024","criteria provided, single submitter",
NM_000546.6(TP53):c.814G>A (p.Val272Met),TP53,"V140M, V233M, V272M, V113M",Li-Fraumeni syndrome 1|Neoplasm,VCV000185814,17,7577124,17,7673806,185814,185350,rs121912657,NC_000017.11:7673805:C:T,single nucleotide variant,missense variant,Pathogenic,"Mar 18, 2022",reviewed by expert panel,,,,Oncogenic,"Jul 31, 2024","criteria provided, single submitter",
NM_000546.6(TP53):c.700T>C (p.Tyr234His),TP53,"Y102H, Y195H, Y234H, Y75H",not provided|Hereditary cancer-predisposing syndrome|Li-Fraumeni syndrome|Li-Fraumeni syndrome 1|Neoplasm,VCV000376691,17,7577581,17,7674263,376691,363570,rs864622237,NC_000017.11:7674262:A:G,single nucleotide variant,missense variant,Pathogenic/Likely pathogenic,"Aug 23, 2024","criteria provided, multiple submitters, no conflicts",,,,Likely oncogenic,"Jul 31, 2024","criteria provided, single submitter",
NM_000546.6(TP53):c.422G>A (p.Cys141Tyr),TP53,"C102Y, C141Y, C9Y",Hereditary cancer-predisposing syndrome|Li-Fraumeni syndrome|not provided|Li-Fraumeni syndrome 1|Neoplasm,VCV000140801,17,7578508,17,7675190,140801,150515,rs587781288,NC_000017.11:7675189:C:T,single nucleotide variant,missense variant|5 prime UTR variant,Pathogenic/Likely pathogenic,"Nov 22, 2024","criteria provided, multiple submitters, no conflicts",,,,Oncogenic,"Jul 31, 2024","criteria provided, single submitter",
NM_000546.6(TP53):c.733G>T (p.Gly245Cys),TP53,"G245C, G113C, G206C, G86C",Li-Fraumeni syndrome|Hereditary cancer-predisposing syndrome|Li-Fraumeni syndrome 1|not provided|Neoplasm,VCV000012349,17,7577548,17,7674230,12349,27388,rs28934575,NC_000017.11:7674229:C:A,single nucleotide variant,missense variant,Pathogenic,"Feb 16, 2024","criteria provided, multiple submitters, no conflicts",,,,Oncogenic,"Jul 31, 2024","criteria provided, single submitter",
NM_000546.6(TP53):c.730G>A (p.Gly244Ser),TP53,"G112S, G205S, G244S, G85S","Adrenocortical carcinoma, hereditary|Li-Fraumeni syndrome 1|Hereditary cancer-predisposing syndrome|Li-Fraumeni syndrome|Neoplasm",VCV000376600,17,7577551,17,7674233,376600,363479,rs1057519989,NC_000017.11:7674232:C:T,single nucleotide variant,missense variant,Pathogenic,"Feb 16, 2024","criteria provided, multiple submitters, no conflicts",,,,Oncogenic,"Jul 31, 2024","criteria provided, single submitter",
NM_000546.6(TP53):c.535C>T (p.His179Tyr),TP53,"H140Y, H179Y, H47Y, H20Y","Hereditary cancer-predisposing syndrome|not provided|Li-Fraumeni syndrome 1|Adrenocortical carcinoma, hereditary|Li-Fraumeni syndrome|Neoplasm",VCV000127815,17,7578395,17,7675077,127815,133272,rs587780070,NC_000017.11:7675076:G:A,single nucleotide variant,missense variant,Pathogenic/Likely pathogenic,"Jun 24, 2024","criteria provided, multiple submitters, no conflicts",,,,Oncogenic,"Jul 31, 2024","criteria provided, single submitter",
NM_000546.6(TP53):c.523C>G (p.Arg175Gly),TP53,"R136G, R175G, R43G, R16G",Li-Fraumeni syndrome|Neoplasm,VCV000376649,17,7578407,17,7675089,376649,363528,rs138729528,NC_000017.11:7675088:G:C,single nucleotide variant,missense variant,Pathogenic,"Sep 6, 2024",reviewed by expert panel,,,,Oncogenic,"Jul 31, 2024","criteria provided, single submitter",
NM_000546.6(TP53):c.731G>A (p.Gly244Asp),TP53,"G112D, G205D, G244D, G85D",Li-Fraumeni syndrome 1|Li-Fraumeni syndrome|Hereditary cancer-predisposing syndrome|not provided|Neoplasm,VCV000372785,17,7577550,17,7674232,372785,360335,rs985033810,NC_000017.11:7674231:C:T,single nucleotide variant,missense variant,Pathogenic/Likely pathogenic,"Oct 7, 2024","criteria provided, multiple submitters, no conflicts",,,,Oncogenic,"Jul 31, 2024","criteria provided, single submitter",
NM_000546.6(TP53):c.395A>G (p.Lys132Arg),TP53,"K132R, K93R","Hereditary cancer-predisposing syndrome|Glioma susceptibility 1|Familial pancreatic carcinoma|Hepatocellular carcinoma|Colorectal cancer|Adrenocortical carcinoma, hereditary|Li-Fraumeni syndrome 1|Familial cancer of breast|Bone osteosarcoma|Bone marrow failure syndrome 5|Nasopharyngeal carcinoma|Choroid plexus papilloma|Basal cell carcinoma, susceptibility to, 7|Li-Fraumeni syndrome 1|Li-Fraumeni syndrome|Neoplasm",VCV000376625,17,7578535,17,7675217,376625,363504,rs1057519996,NC_000017.11:7675216:T:C,single nucleotide variant,missense variant|5 prime UTR variant|non-coding transcript variant,Pathogenic/Likely pathogenic,"Feb 4, 2025","criteria provided, multiple submitters, no conflicts",,,,Likely oncogenic,"Jul 31, 2024","criteria provided, single submitter",
NM_000546.6(TP53):c.646G>A (p.Val216Met),TP53,"V177M, V216M, V84M, V57M","Li-Fraumeni syndrome|not provided|Adrenocortical carcinoma, hereditary|Li-Fraumeni syndrome 1|Hereditary cancer-predisposing syndrome|Neoplasm",VCV000182965,17,7578203,17,7674885,182965,181005,rs730882025,NC_000017.11:7674884:C:T,single nucleotide variant,missense variant,Pathogenic/Likely pathogenic,"Sep 4, 2024","criteria provided, multiple submitters, no conflicts",,,,Oncogenic,"Jul 31, 2024","criteria provided, single submitter",
NM_000546.6(TP53):c.584T>C (p.Ile195Thr),TP53,"I156T, I195T, I63T, I36T","Adrenocortical carcinoma, hereditary|Li-Fraumeni syndrome 1|Li-Fraumeni syndrome|Hereditary cancer-predisposing syndrome|not provided|Neoplasm",VCV000216077,17,7578265,17,7674947,216077,213398,rs760043106,NC_000017.11:7674946:A:G,single nucleotide variant,missense variant,Pathogenic,"Jan 10, 2025","criteria provided, multiple submitters, no conflicts",,,,Oncogenic,"Jul 31, 2024","criteria provided, single submitter",
NM_000546.6(TP53):c.797G>A (p.Gly266Glu),TP53,"G134E, G227E, G266E, G107E",Hereditary cancer-predisposing syndrome|not provided|Li-Fraumeni syndrome|Li-Fraumeni syndrome 1|Squamous cell carcinoma of the head and neck|Neoplasm,VCV000161516,17,7577141,17,7673823,161516,171614,rs193920774,NC_000017.11:7673822:C:T,single nucleotide variant,missense variant,Pathogenic/Likely pathogenic,"Feb 20, 2024","criteria provided, multiple submitters, no conflicts",,,,Oncogenic,"Jul 31, 2024","criteria provided, single submitter",
NM_000546.6(TP53):c.824G>A (p.Cys275Tyr),TP53,"C143Y, C236Y, C275Y, C116Y","Adrenocortical carcinoma, hereditary|Li-Fraumeni syndrome 1|not provided|Li-Fraumeni syndrome|Hereditary cancer-predisposing syndrome|Neoplasm",VCV000215997,17,7577114,17,7673796,215997,213392,rs863224451,NC_000017.11:7673795:C:T,single nucleotide variant,missense variant,Pathogenic/Likely pathogenic,"Jan 22, 2025","criteria provided, multiple submitters, no conflicts",,,,Oncogenic,"Jul 31, 2024","criteria provided, single submitter",
NM_000546.6(TP53):c.455C>T (p.Pro152Leu),TP53,"P113L, P152L, P20L",Li-Fraumeni syndrome|Neoplasm,VCV000142766,17,7578475,17,7675157,142766,152480,rs587782705,NC_000017.11:7675156:G:A,single nucleotide variant,missense variant|5 prime UTR variant,Pathogenic,"Aug 5, 2024",reviewed by expert panel,,,,Oncogenic,"Jul 31, 2024","criteria provided, single submitter",
NM_000546.6(TP53):c.818G>T (p.Arg273Leu),TP53,"R141L, R234L, R273L, R114L","Hereditary cancer-predisposing syndrome|not provided|Adrenocortical carcinoma, hereditary|Carcinoma of pancreas|Choroid plexus papilloma|Bone marrow failure syndrome 5|Glioma susceptibility 1|Li-Fraumeni syndrome 1|Hepatocellular carcinoma|Colorectal cancer|Familial cancer of breast|Bone osteosarcoma|Nasopharyngeal carcinoma|Basal cell carcinoma, susceptibility to, 7|Li-Fraumeni syndrome|Li-Fraumeni syndrome 1|Neoplasm",VCV000376655,17,7577120,17,7673802,376655,363534,rs28934576,NC_000017.11:7673801:C:A,single nucleotide variant,missense variant,Pathogenic,"Sep 10, 2023","criteria provided, multiple submitters, no conflicts",,,,Oncogenic,"Jul 31, 2024","criteria provided, single submitter",
NM_000546.6(TP53):c.713G>A (p.Cys238Tyr),TP53,"C106Y, C199Y, C238Y, C79Y","not provided|Li-Fraumeni syndrome 1|Li-Fraumeni syndrome|Hereditary breast ovarian cancer syndrome|Adrenocortical carcinoma, hereditary|Hereditary cancer-predisposing syndrome|Neoplasm",VCV000182935,17,7577568,17,7674250,182935,181000,rs730882005,NC_000017.11:7674249:C:T,single nucleotide variant,missense variant,Pathogenic/Likely pathogenic,"Apr 22, 2024","criteria provided, multiple submitters, no conflicts",,,,Likely oncogenic,"Jul 31, 2024","criteria provided, single submitter",
NM_000546.6(TP53):c.722C>T (p.Ser241Phe),TP53,"S241F, S109F, S202F, S82F","Li-Fraumeni syndrome|Li-Fraumeni syndrome 1|not provided|Adrenocortical carcinoma, hereditary|Bone marrow failure syndrome 5|Bone osteosarcoma|Li-Fraumeni syndrome 1|Nasopharyngeal carcinoma|Hepatocellular carcinoma|Colorectal cancer|Glioma susceptibility 1|Carcinoma of pancreas|Choroid plexus papilloma|Familial cancer of breast|Basal cell carcinoma, susceptibility to, 7|Hereditary cancer-predisposing syndrome|Neoplasm",VCV000012359,17,7577559,17,7674241,12359,27398,rs28934573,NC_000017.11:7674240:G:A,single nucleotide variant,missense variant,Pathogenic/Likely pathogenic,"Dec 2, 2024","criteria provided, multiple submitters, no conflicts",,,,Oncogenic,"Jul 31, 2024","criteria provided, single submitter",
NM_000546.6(TP53):c.1009C>T (p.Arg337Cys),TP53,"R205C, R298C, R337C, R178C","Adrenocortical carcinoma, hereditary|Li-Fraumeni syndrome 1|not provided|Li-Fraumeni syndrome|Hereditary cancer-predisposing syndrome|Neoplasm",VCV000142536,17,7574018,17,7670700,142536,152250,rs587782529,NC_000017.11:7670699:G:A,single nucleotide variant,missense variant|3 prime UTR variant,Pathogenic/Likely pathogenic,"Aug 1, 2024","criteria provided, multiple submitters, no conflicts",,,,Oncogenic,"Jul 31, 2024","criteria provided, single submitter",
NM_000546.6(TP53):c.659A>G (p.Tyr220Cys),TP53,"Y181C, Y220C, Y88C, Y61C",Li-Fraumeni syndrome|Neoplasm,VCV000127819,17,7578190,17,7674872,127819,133276,rs121912666,NC_000017.11:7674871:T:C,single nucleotide variant,missense variant,Pathogenic,"Aug 5, 2024",reviewed by expert panel,,,,Oncogenic,"Jul 31, 2024","criteria provided, single submitter",
NM_000546.6(TP53):c.524G>A (p.Arg175His),TP53,"R175H, R136H, R43H, R16H",Li-Fraumeni syndrome|Neoplasm,VCV000012374,17,7578406,17,7675088,12374,27413,rs28934578,NC_000017.11:7675087:C:T,single nucleotide variant,missense variant,Pathogenic,"Sep 6, 2024",reviewed by expert panel,,,,Oncogenic,"Jul 31, 2024","criteria provided, single submitter",
NM_000546.6(TP53):c.817C>T (p.Arg273Cys),TP53,"R141C, R234C, R273C, R114C","Adrenocortical carcinoma, hereditary|Li-Fraumeni syndrome 1|Li-Fraumeni syndrome|Hereditary cancer-predisposing syndrome|not provided|Neoplasm",VCV000043594,17,7577121,17,7673803,43594,52763,rs121913343,NC_000017.11:7673802:G:A,single nucleotide variant,missense variant,Pathogenic/Likely pathogenic,"Feb 4, 2025","criteria provided, multiple submitters, no conflicts",,,,Oncogenic,"Jul 31, 2024","criteria provided, single submitter",
NM_000546.6(TP53):c.742C>T (p.Arg248Trp),TP53,"R248W, R116W, R209W, R89W",Li-Fraumeni syndrome|Neoplasm,VCV000012347,17,7577539,17,7674221,12347,27386,rs121912651,NC_000017.11:7674220:G:A,single nucleotide variant,missense variant,Pathogenic,"Aug 5, 2024",reviewed by expert panel,,,,Oncogenic,"Jul 31, 2024","criteria provided, single submitter",
NM_000546.6(TP53):c.844C>T (p.Arg282Trp),TP53,"R282W, R150W, R243W, R123W","not provided|Li-Fraumeni syndrome 1|Astrocytoma, anaplastic|Pleomorphic xanthoastrocytoma|Adrenocortical carcinoma, hereditary|Squamous cell carcinoma of the head and neck|Colorectal cancer|Li-Fraumeni syndrome|Hereditary cancer-predisposing syndrome|Diffuse pediatric-type high-grade glioma, H3-wildtype and IDH-wildtype|Neoplasm",VCV000012364,17,7577094,17,7673776,12364,27403,rs28934574,NC_000017.11:7673775:G:A,single nucleotide variant,missense variant,Pathogenic/Likely pathogenic,"Jul 5, 2024","criteria provided, multiple submitters, no conflicts",,,,Oncogenic,"Jul 31, 2024","criteria provided, single submitter",
NM_000546.6(TP53):c.818G>A (p.Arg273His),TP53,"R273H, R141H, R234H, R114H",Li-Fraumeni syndrome|Neoplasm,VCV000012366,17,7577120,17,7673802,12366,27405,rs28934576,NC_000017.11:7673801:C:T,single nucleotide variant,missense variant,Pathogenic,"Aug 5, 2024",reviewed by expert panel,,,,Oncogenic,"Jul 31, 2024","criteria provided, single submitter",
NM_000546.6(TP53):c.743G>A (p.Arg248Gln),TP53,"R248Q, R116Q, R209Q, R89Q",Li-Fraumeni syndrome|Neoplasm,VCV000012356,17,7577538,17,7674220,12356,27395,rs11540652,NC_000017.11:7674219:C:T,single nucleotide variant,missense variant,Pathogenic,"Aug 5, 2024",reviewed by expert panel,,,,Oncogenic,"Jul 31, 2024","criteria provided, single submitter",
